1;student_20251222_220539;22.12.2025;22:22:47
1;student_20251222_220539;22.12.2025;22:25:56
1;student_20251222_220539;22.12.2025;22:27:54
1;student_20251222_220539;22.12.2025;22:30:41
1;Person_20251222_223554;22.12.2025;22:35:54
1;Person_20251222_223601;22.12.2025;22:36:01
1;Person_20251222_223605;22.12.2025;22:36:05
1;Person_20251222_223607;22.12.2025;22:36:07
1;Person_20251222_223921;22.12.2025;22:39:21
1;Person_20251222_223930;22.12.2025;22:39:30
1;Person_20251222_224736;22.12.2025;22:47:36
1;Person_20251222_224906;22.12.2025;22:49:06
12;Person_20251222_225006;22.12.2025;22:50:06
24;Person_20251222_225029;22.12.2025;22:50:29
4;Person_20251223_195558;23.12.2025;19:55:58
11;Person_20251224_112428;24.12.2025;11:24:28
1;Person_20251224_140113;24.12.2025;14:01:13
1;Person_20251224_143207;24.12.2025;14:32:07
1;Person_20251224_144826;24.12.2025;14:48:26
1;Person_20251224_144843;24.12.2025;14:48:43
